Name,category,Balance,User,Volume24,Txn24,platform,github,facebook,twitter,telegram,medium,youtube,reddit,dappLink,smartContract
My Crypto Heroes,games,139.1,2600.0,3600.0,3200.0,ETH,null,https://www.facebook.com/mycryptoheroesMCH/,https://twitter.com/mycryptoheroes_,null,null,null,https://www.reddit.com/r/mycryptoheroes/,https://dappradar.com/eth/clickout/944,25
MakerDAO,other,2400000.0,2200.0,22700000.0,3800.0,ETH,https://github.com/MakerDAO,null,https://twitter.com/MakerDAO,https://t.me/makerdaoOfficial,null,https://www.youtube.com/MakerDAO,https://www.reddit.com/r/makerdao,https://dappradar.com/eth/clickout/791,8
888TRON,gambling,4900000.0,1700.0,264400.0,4100.0,TRON,null,null,https://twitter.com/888Tron,https://t.me/tron888,null,null,null,https://dappradar.com/tron/clickout/22,1
WINk,gambling,17600000.0,1400.0,1400000.0,191400.0,TRON,null,null,null,null,null,null,null,https://dappradar.com/tron/clickout/2,18
RocketGame,gambling,1400000.0,1100.0,167000.0,17500.0,TRON,null,null,https://twitter.com/RocketGameVip,https://t.me/RocketGameOfficial,null,null,null,https://dappradar.com/tron/clickout/370,16
EOS Dynasty,games,1700.0,1100.0,1700.0,68900.0,EOS,null,null,null,null,null,null,null,https://dappradar.com/eos/clickout/1059,2
BETFURY,gambling,1900000.0,979.0,116900.0,8200.0,TRON,null,null,null,null,null,null,null,,0
Playtowin.io,gambling,23.36,964.0,117000.0,1100.0,ETH,null,null,https://twitter.com/Playtowinio,https://t.me/playtowingame,null,null,null,https://dappradar.com/eth/clickout/1332,6
Newdex,exchanges,92900.0,876.0,7300000.0,25700.0,EOS,null,null,https://twitter.com/NewdexOfficial,null,null,null,null,https://dappradar.com/eos/clickout/669,2
TronWatch Market,exchanges,3300000.0,840.0,31800.0,5600.0,TRON,null,https://www.facebook.com/tronwatch,https://twitter.com/tronwatch,https://t.me/TronWatch,https://medium.com/@TronWatch,null,null,https://dappradar.com/tron/clickout/320,1
TronTrade,exchanges,4300000.0,747.0,123600.0,7500.0,TRON,null,null,https://twitter.com/trontrade,https://t.me/TronTrade,null,null,null,https://dappradar.com/tron/clickout/70,5
X2BET.WIN,gambling,12.87,730.0,82300.0,752.0,ETH,null,null,https://twitter.com/x2betwin,https://t.me/x2betwin,null,null,null,https://dappradar.com/eth/clickout/1585,2
BlackJack,gambling,17100.0,673.0,10.0,703.0,TRON,null,null,https://twitter.com/blackjackbet,https://t.me/blackjack1001,null,null,null,https://dappradar.com/tron/clickout/358,1
CatPromotion,games,0.0,665.0,336.0,704.0,TRON,null,null,null,null,null,null,null,https://dappradar.com/tron/clickout/492,1
HyperSnakes,games,48.17,649.0,5500.0,735.0,ETH,null,null,null,null,null,null,null,https://dappradar.com/eth/clickout/1558,3
Dragon7,gambling,563800.0,616.0,1100.0,1300.0,TRON,null,null,https://twitter.com/Dragon7Official,null,null,null,null,https://dappradar.com/tron/clickout/430,5
Kyber,exchanges,1900.0,610.0,4000000.0,1600.0,ETH,null,https://www.facebook.com/kybernetwork/,https://twitter.com/KyberNetwork/,https://t.me/kybernetwork,null,https://www.youtube.com/channel/UCQ-8mEqsKM3x9dTT6rrqgJw,https://www.reddit.com/r/kybernetwork/,https://dappradar.com/eth/clickout/266,3
EOS Royale,gambling,4200.0,561.0,151.0,2000.0,EOS,null,null,null,https://t.me/eosroyalechat,null,null,null,https://dappradar.com/eos/clickout/731,2
CryptoDozer,games,1100.0,554.0,711.0,645.0,ETH,null,null,null,null,null,null,null,,0
HyperDragons Go,games,0.0,553.0,273.0,1700.0,ONT,null,null,null,null,null,null,null,https://dappradar.com/ont/clickout/4,4
Queen Vs King,gambling,16500.0,526.0,8.0,548.0,TRON,null,null,https://twitter.com/QueenVsKingOff1,null,null,null,null,https://dappradar.com/tron/clickout/359,1
CryptoZombies,other,0.0,507.0,0.0,8100.0,LOOM,null,null,https://twitter.com/loomnetwork,https://t.me/LoomNetworkDev,null,null,null,https://dappradar.com/loom/clickout/10,1
High & Low,gambling,6500.0,503.0,7.0,526.0,TRON,null,null,https://twitter.com/HighLowBets,null,null,null,null,https://dappradar.com/tron/clickout/399,1
TronFund.io,high-risk,219100.0,502.0,225.0,3000.0,TRON,null,null,https://twitter.com/TronFundEN,https://t.me/tronfundofficial,null,null,null,https://dappradar.com/tron/clickout/489,5
Big&Small,gambling,6000.0,497.0,7.0,556.0,TRON,null,null,https://twitter.com/BigSmallOffici1,https://t.me/bigsmallofficial,null,null,null,https://dappradar.com/tron/clickout/222,3
