,2019-11-03,2019-11-04,2019-11-05,2019-11-06,2019-11-07,2019-11-08,2019-11-09,2019-11-10,2019-11-11,2019-11-12,2019-11-13,2019-11-14,2019-11-15,2019-11-16,2019-11-17,2019-11-18,2019-11-19,2019-11-20,2019-11-21,2019-11-22
My Crypto Heroes,games,games,games,games,games,games,games,games,games,games,games,games,games,games,,games,games,games,games,games
TronHives,high-risk,high-risk,high-risk,high-risk,high-risk,high-risk,high-risk,high-risk,high-risk,high-risk,high-risk,high-risk,high-risk,high-risk,high-risk,high-risk,high-risk,,,high-risk
RocketGame,gambling,gambling,gambling,gambling,gambling,gambling,gambling,gambling,gambling,gambling,gambling,gambling,gambling,gambling,gambling,gambling,gambling,gambling,gambling,gambling
EOS Dynasty,games,games,games,games,games,games,games,games,games,games,games,games,games,games,games,games,games,games,games,games
WINk,gambling,gambling,gambling,gambling,gambling,gambling,gambling,gambling,gambling,gambling,gambling,gambling,gambling,gambling,gambling,gambling,gambling,gambling,gambling,gambling
888TRON,gambling,gambling,gambling,gambling,gambling,gambling,gambling,gambling,gambling,gambling,gambling,gambling,gambling,gambling,gambling,gambling,gambling,gambling,gambling,gambling
Dice,gambling,gambling,,,gambling,gambling,gambling,gambling,gambling,gambling,gambling,gambling,,gambling,gambling,gambling,,gambling,,
TronTrade,exchanges,exchanges,exchanges,exchanges,exchanges,exchanges,exchanges,exchanges,exchanges,exchanges,exchanges,exchanges,exchanges,exchanges,exchanges,exchanges,exchanges,exchanges,exchanges,exchanges
TronWatch Market,exchanges,exchanges,exchanges,exchanges,exchanges,exchanges,exchanges,exchanges,exchanges,exchanges,exchanges,exchanges,exchanges,exchanges,exchanges,exchanges,exchanges,exchanges,exchanges,exchanges
Tiger Vs Dragon - 龙虎斗,gambling,gambling,gambling,gambling,gambling,gambling,gambling,gambling,gambling,gambling,gambling,gambling,gambling,gambling,gambling,gambling,,,,
Newdex,exchanges,exchanges,exchanges,exchanges,exchanges,exchanges,exchanges,exchanges,exchanges,exchanges,exchanges,exchanges,exchanges,exchanges,exchanges,exchanges,exchanges,exchanges,exchanges,exchanges
Playtowin.io,gambling,gambling,gambling,gambling,gambling,gambling,gambling,gambling,gambling,gambling,gambling,gambling,gambling,gambling,gambling,gambling,,,gambling,gambling
MakerDAO,other,other,other,other,other,other,other,other,other,other,other,other,other,other,other,other,other,other,other,other
Roulette Live,gambling,gambling,gambling,gambling,gambling,gambling,gambling,gambling,gambling,gambling,gambling,gambling,gambling,gambling,gambling,gambling,,,,
iBank,other,other,other,other,other,other,,,,,,,,,,,,,,
X2BET.WIN,gambling,gambling,gambling,gambling,gambling,gambling,gambling,gambling,gambling,gambling,gambling,gambling,gambling,gambling,gambling,gambling,gambling,gambling,gambling,gambling
BlackJack,gambling,gambling,gambling,gambling,gambling,gambling,gambling,gambling,gambling,gambling,gambling,gambling,gambling,gambling,gambling,gambling,gambling,gambling,gambling,gambling
HyperSnakes,games,games,games,games,games,games,games,games,games,games,games,games,games,games,games,games,games,games,games,games
PROSPECTORS,games,games,games,games,games,games,games,games,games,games,games,games,games,games,games,games,games,games,games,games
CatPromotion,games,games,games,games,games,games,games,games,games,games,games,games,games,games,games,games,games,games,games,games
EOS Knights,games,games,games,games,games,games,games,games,games,games,games,games,games,games,games,games,games,games,games,games
Video Poker,gambling,gambling,gambling,gambling,gambling,gambling,gambling,gambling,gambling,gambling,gambling,gambling,gambling,gambling,gambling,gambling,gambling,gambling,gambling,gambling
CryptoDozer,games,games,games,games,games,games,games,games,games,games,games,games,games,games,games,games,games,games,games,games
EOS Royale,gambling,gambling,gambling,gambling,gambling,gambling,gambling,gambling,gambling,gambling,gambling,gambling,gambling,gambling,gambling,gambling,gambling,gambling,gambling,gambling
Dragon7,gambling,gambling,gambling,gambling,gambling,gambling,gambling,gambling,gambling,gambling,gambling,gambling,gambling,gambling,gambling,gambling,gambling,gambling,gambling,gambling
0xUniverse,games,games,games,games,games,games,games,games,games,games,games,games,games,games,games,games,games,games,games,games
Planet BOOM!,games,games,games,games,games,games,,,,,,,,,,,,,,
YOLOrekt,gambling,gambling,gambling,gambling,gambling,gambling,gambling,gambling,gambling,gambling,gambling,gambling,gambling,gambling,gambling,gambling,gambling,gambling,gambling,gambling
Slots,gambling,gambling,gambling,gambling,gambling,gambling,gambling,gambling,gambling,,,,,,,,,,gambling,gambling
Queen Vs King,gambling,gambling,gambling,gambling,gambling,gambling,gambling,gambling,gambling,gambling,gambling,gambling,gambling,gambling,gambling,gambling,gambling,gambling,gambling,gambling
TronFund.io,high-risk,high-risk,high-risk,high-risk,high-risk,high-risk,high-risk,high-risk,high-risk,high-risk,high-risk,high-risk,high-risk,high-risk,high-risk,high-risk,high-risk,high-risk,high-risk,high-risk
HyperDragons Go,games,games,games,games,games,games,games,games,games,games,games,games,games,games,games,games,games,games,games,games
Baccarat Live,gambling,gambling,gambling,gambling,gambling,gambling,gambling,gambling,gambling,gambling,gambling,gambling,gambling,gambling,gambling,gambling,gambling,gambling,gambling,gambling
Big&Small,gambling,gambling,gambling,gambling,gambling,gambling,gambling,gambling,gambling,gambling,gambling,gambling,gambling,gambling,gambling,gambling,,gambling,gambling,gambling
Crypto Sword & Magic,games,games,games,,games,games,games,games,games,games,games,games,games,,games,games,games,games,games,
CryptoThrone 加密王座-无限世界,games,games,,games,games,games,games,games,games,,,,,,,,,,,
CryptoSpells,games,games,games,games,games,games,games,games,games,games,games,games,games,games,games,games,games,games,games,games
Blockchain Cuties,games,games,games,games,games,games,games,games,games,games,games,games,games,games,games,games,games,games,games,games
Bankroll,gambling,gambling,gambling,gambling,gambling,gambling,gambling,gambling,gambling,gambling,gambling,gambling,gambling,gambling,gambling,gambling,gambling,gambling,gambling,gambling
IOST Dex,exchanges,exchanges,exchanges,exchanges,exchanges,exchanges,exchanges,exchanges,,exchanges,exchanges,exchanges,exchanges,exchanges,,,exchanges,exchanges,exchanges,exchanges
High & Low,gambling,gambling,gambling,gambling,gambling,gambling,gambling,gambling,gambling,gambling,gambling,gambling,gambling,gambling,gambling,gambling,gambling,gambling,gambling,gambling
TRXMarket,exchanges,exchanges,exchanges,exchanges,exchanges,exchanges,exchanges,exchanges,exchanges,exchanges,exchanges,exchanges,exchanges,exchanges,exchanges,exchanges,exchanges,exchanges,exchanges,exchanges
DeFind,other,other,,,,,,,,,,,,,,,,,,
CryptoZombies,other,other,,,,,,,,,,,,,,,,,other,other
7Tron,gambling,gambling,gambling,gambling,gambling,gambling,gambling,gambling,gambling,gambling,,gambling,gambling,gambling,gambling,gambling,gambling,gambling,gambling,gambling
ForkDelta,exchanges,exchanges,exchanges,exchanges,exchanges,,,exchanges,exchanges,exchanges,exchanges,exchanges,exchanges,exchanges,,exchanges,exchanges,exchanges,exchanges,exchanges
SuperPlayer,games,games,games,,,,,,,,,,,,,,,,,
Dozerbird,games,,games,games,,,,,,,,,,,,,games,games,,
Crypto Sanguo,games,games,games,,,,,,,,,,,games,games,,games,games,games,games
Kyber,,exchanges,exchanges,exchanges,exchanges,exchanges,exchanges,exchanges,exchanges,exchanges,exchanges,exchanges,exchanges,exchanges,exchanges,exchanges,exchanges,exchanges,exchanges,exchanges
Tewkenaire,,,high-risk,high-risk,high-risk,high-risk,high-risk,high-risk,high-risk,high-risk,high-risk,high-risk,high-risk,high-risk,high-risk,high-risk,high-risk,high-risk,high-risk,
IDEX,,,exchanges,exchanges,exchanges,exchanges,exchanges,,exchanges,exchanges,exchanges,exchanges,exchanges,exchanges,exchanges,,exchanges,exchanges,exchanges,exchanges
Evolutions,,,high-risk,,,,,,,,,,high-risk,,,,,,,
GoodLuck Casino,,,,gambling,gambling,gambling,gambling,gambling,gambling,gambling,gambling,gambling,,,,,gambling,gambling,gambling,gambling
ENME,,,,gambling,gambling,gambling,gambling,gambling,gambling,gambling,gambling,gambling,gambling,gambling,gambling,gambling,gambling,gambling,gambling,gambling
Smartex,,,,high-risk,,,,,,high-risk,high-risk,high-risk,,,,,,,high-risk,
EOSMMM,,,,,,gambling,gambling,gambling,gambling,gambling,gambling,gambling,gambling,gambling,gambling,gambling,gambling,gambling,gambling,gambling
CryptoFriends,,,,,,,high-risk,high-risk,high-risk,high-risk,high-risk,high-risk,high-risk,high-risk,high-risk,high-risk,high-risk,high-risk,high-risk,high-risk
NEST,,,,,,,other,,,,,,,,,other,,,,
BETFURY,,,,,,,,gambling,gambling,gambling,gambling,gambling,gambling,gambling,gambling,gambling,gambling,gambling,gambling,gambling
imToken Tokenlon,,,,,,,,,,,exchanges,,,,,,,,,
EtherHives,,,,,,,,,,,,,high-risk,,,,,,,
Frag Raffle,,,,,,,,,,,,,gambling,,gambling,,gambling,gambling,gambling,
Spinach,,,,,,,,,,,,,,gambling,gambling,,,,,
Uniswap,,,,,,,,,,,,,,exchanges,,exchanges,exchanges,exchanges,,exchanges
WhaleEx,,,,,,,,,,,,,,,exchanges,exchanges,exchanges,,,
MillionMoney,,,,,,,,,,,,,,,,,high-risk,high-risk,,
Knight Story,,,,,,,,,,,,,,,,,,,,games
Compound,,,,,,,,,,,,,,,,,,,,other
